A,B,C,D
75.5356511399021,75.68897805814319,76.40446292017299,74.83700729230671
78.05401242718064,74.85723941691593,75.58442790725164,78.11630124519048
74.34417923924889,72.93219942920454,77.42421990270778,74.92161439588605
69.96305459719284,75.98909775919456,75.77220979557391,74.60834779961813
76.88030695737407,68.64282975657812,75.5976444763281,72.54855358530521
78.19801503046122,72.28466538879158,75.49644041817555,74.07110686568413
78.77442432306344,72.85991584464705,75.26288350716747,74.60280791000079
69.89991127986217,77.4724385561135,76.73142463809816,76.2047595009071
72.89389955353707,75.48822790588619,75.1355667913038,74.63112737550874
75.22012820667071,75.14083470889481,74.73333040152164,73.8334517850811
74.27289302372039,68.53026190068417,75.44739933729439,75.57251008325993
70.79572733963434,73.24361967436896,76.6290072457048,74.89695925495805
73.63712936638741,76.80946591373993,74.76197442450369,73.84231986158788
74.14426568176121,76.72197445861285,75.83042029323764,74.74448625390049
71.95563336114266,71.69450027526884,76.5350469787481,76.51333058501388
79.61582308134456,80.25495512770051,73.06897728029821,73.53364197962992
72.1269817289322,76.06969387273996,74.91335418412314,74.35829546898289
72.46533410475173,71.15675272917927,75.43554752771193,77.62659447011886
70.99288924625932,72.74111741089978,74.01329632399774,74.14066819822928
75.03259642737358,72.78626699349968,73.52210492207934,73.7710912237293
74.48667129556105,70.18919891457273,74.96337443880702,74.56143056408898
76.82930641081938,73.44542593128824,73.07135529677156,73.26857827410308
73.84580354166305,70.36597292491183,75.10443245377691,74.26171836335955
75.14908965001354,80.04269436455583,76.39826809592265,73.83664537603872
76.41077468868777,71.77128907938351,74.58122760930526,75.35240183826507
75.0740464432321,77.61813889643638,75.18170394481524,74.15663072329274
75.4312359043011,70.44238450384094,77.22047869565112,74.92330568132701
76.20414155721402,82.15248211273038,72.78098389348747,77.05512738982837
70.32410569550389,78.96382205352515,75.34436083745136,75.90072282119908
74.29965997839322,75.56944310636219,73.11822079600684,74.22961219823483
75.13977315628365,78.65534527305067,76.26244664281293,75.65985561474426
75.27156078715879,80.8757733703574,75.0619699412887,74.37715661001151
76.89866481592085,80.72900699574275,73.61983294512297,76.81552240556674
71.67003380381017,75.95821129350067,75.24459537467968,73.30625542212412
79.15157351177886,80.8128411263902,73.65744887058673,75.66764565788705
81.53556022766436,81.80412770681724,74.66563474957744,74.61241842250242
75.41538843265592,75.73622896871673,74.0074606524415,75.07336516856408
75.74177570120924,72.48102980944991,75.54014397799685,75.37493720352427
78.565327080507,71.84233822807288,76.17375110103356,74.71343696235098
74.91178288710235,73.58430256519696,72.83472883029962,74.61519581036568
71.66613430487729,72.24356230261085,76.61804818224266,74.98178629479672
75.81922692320774,77.8440898521187,75.61398174506911,76.14204520394514
77.68501019342058,71.28135580625249,75.74502256468492,76.30037060219772
74.7389223890513,80.62474733220385,74.72876659751286,77.03184610984823
80.22482626082348,79.77723732362153,74.68260536395645,74.70108772804473
72.05248868984802,74.82714277041295,74.26061861121784,75.62528133611038
76.03691250531428,80.89218358925697,76.29778041593461,72.05380078444972
78.63739353565883,74.08483984673875,75.4590951336591,76.05105021398079
70.04137194039922,68.87465422970291,75.60535880439181,74.77124240792094
72.0630091426607,78.4517861749624,75.0059408831339,73.64870151745494
78.24747221752085,71.41768326845792,74.65065614560774,74.30911861266728
71.59740948437218,76.27876977948748,72.60782794325877,77.43828014235318
74.11287653602565,71.85207098716894,75.54981898127562,75.66187358142874
75.6960116779228,68.82662758470497,74.44604312836434,73.73247403749914
78.52113123852547,76.75184588050843,76.06716519704665,76.43079820292218
75.6214585077817,71.70090417556582,77.17868379889464,75.43280682247192
78.30492994403761,77.83764278609533,76.18834036457837,74.8224855844378
75.72231316294094,76.16630873917656,75.11125811368255,74.43699273277682
75.46757138218452,71.93922738018857,74.39650631634912,75.39989356097519
67.22373266061184,73.58644879520338,74.93855916306697,74.61975011224352
74.42724407135638,77.65758996361633,76.42125167950326,75.18924048673937
78.8711369886234,74.9840984019266,73.54465295583138,73.79120050319395
70.1785656442258,75.14814439289329,75.4995268278175,74.03768957584087
72.98184561698423,77.9520064395461,74.11543826452031,75.58483032509635
76.30059320315836,72.16270108159794,76.20402181266049,75.67271822568422
68.48302554631495,76.31228559883118,74.23338747584903,72.68966212559947
74.54456918514562,80.95639458766301,75.86164716528828,75.61722531736581
70.04754206913236,69.2009844717625,74.84963997144348,73.16274280566871
75.47784488514633,77.38403059683564,73.35985975173519,76.3357476784012
75.18771000119057,75.55092241859496,74.86526615297984,72.89136406846536
78.63224403796622,73.30793853448257,74.48229290949605,75.8835222644059
77.33645738063063,74.98005289980922,75.5615823840783,76.69223358327633
81.86224265323985,76.54335127531897,74.9997100136394,72.40713550981809
75.87778822675727,73.21596675026831,74.60595391492873,77.62709448510624
73.0421388469005,70.61653459138643,76.32701931751669,73.21670705523866
70.61647035165986,84.01888654581478,75.63012814460599,75.62973022177897
75.18126252458383,77.4074704818915,73.0146245978435,76.28917562453611
74.3466042847858,79.3575729406175,74.45342801614133,77.4537589793257
76.5129807284626,76.09227274377739,74.70128736728518,76.73354437065116
76.79581357331264,74.3553416854359,75.08419127188134,74.55313723055278
78.61983128818574,69.41837128766406,71.92855815643676,75.32341084324577
83.57113025544598,75.33452523499422,73.96957299206427,74.38640391702069
71.58050732956681,72.56866288083515,74.86344243596388,77.77180383618129
78.81440610674036,69.77913546422224,75.85832270339047,74.68752806958769
76.11183483533387,77.32855616446416,75.39954990106705,72.85730417220655
74.5748237241257,80.2250690834676,74.1510587637379,75.35135377365795
73.9995023552006,78.07665756885025,73.86917124297037,74.6079195854837
75.23406328128553,78.3939349340073,76.515825015349,72.45690037962524
73.35283042197675,79.41085069023036,73.31998098617944,75.50356724487925
72.68856401580568,74.85185815517823,75.82798540124651,73.51751777288841
71.15093773519605,74.19820209884209,76.83242123170288,73.13695202554139
80.42270513385672,70.86900582985412,74.17642780302839,75.90318338036097
72.15633184459097,72.36110420660243,74.18676186471407,74.8173322133498
72.66331836132537,75.35084919178556,72.91673884639589,75.0048968870562
73.12549365585134,79.35789833789447,73.40020128705933,76.01448737154944
70.21019338903105,80.6271451241144,75.34082281518558,73.9691371625242
79.47770654527105,72.93643752209158,76.37419774346611,74.66371231456716
79.11643944739441,79.9029014355915,75.54944867382068,75.08489236835753
76.9535895518928,77.65483494889715,74.69098764298886,77.5031911326244
74.59294980920092,81.40274116621364,77.63832234414657,73.8265599441253
71.89201801859232,66.84910963500896,73.7909404797152,76.79527891755538
71.59402268540619,76.9352098129566,74.36273351190714,76.11185098103168
73.3634744659796,75.78691009795365,73.27284365783402,74.9727291188007
73.65908491546296,76.79943107449635,74.92482163592703,75.04268933677224
75.812411723194,72.45148967464644,74.27837941004357,74.32379232263361
74.40628454078964,78.46337947266484,73.37480050344476,77.0851882674372
74.48131253713869,76.7520632305936,74.94932899002164,76.40913675522215
73.43507651724927,76.70140365555011,74.67223490127681,75.47340757938194
73.11473365864049,69.75531945036688,76.62572810909678,74.8418333097741
78.04672678677537,70.84618107519624,74.85437599104054,73.26835981713572
76.476764253282,77.23460536935377,74.01520693359328,79.18279360865473
73.60971116290733,76.03360640401098,74.89726666438446,73.02511395627657
81.13910132102802,76.89425546356436,74.30851869401948,73.36593522502449
71.42694277079912,71.27999377252863,75.06152635294451,72.63785457357227
72.51122543197316,80.05285457105869,77.1279754642196,73.70069892896609
75.84476115424825,71.29954086929688,74.58298728164795,75.21647250128686
77.22006321590052,70.36961735758368,73.85574546811918,73.83555159024246
69.06386284412794,74.02926504886635,75.58929808730832,74.07928970959341
79.20978730183062,80.33947710345987,75.58492043734672,76.49436233009894
74.02638867304458,73.76644247159493,74.78004913208454,76.96136780970657
75.78961138722113,74.77637677786063,74.64142182023123,73.9816930988383
73.63171257457576,72.41793028023311,75.33273405590457,75.96812517061636
74.63134005766683,74.66837476154805,75.07852599051336,73.06479961048105
75.38215258995606,68.97327053240433,75.46987309914863,74.9819025688626
75.53098704270396,76.33687341049519,74.0356234150189,76.19373569447546
73.95094952871452,77.60734970040643,76.39576329493444,74.3492261778513
76.14920925117221,75.5295537783063,74.70011565078916,74.57991314324478
72.27331944671755,76.70754859947188,75.55272603925185,75.55875006827218
79.71257250560903,70.43341143091315,73.69036367633198,76.8407317831591
78.60639576349284,71.86626915645881,74.00528801597767,75.70588875762914
77.92626917938632,74.84712408079233,74.73361744918124,75.3053101469692
74.46478354049225,75.70993471325376,76.10194147063646,77.37581736235907
75.83351930251092,82.35004789530184,76.6365545563283,75.31419246211232
75.27033854500795,75.52716479757346,76.11779001841849,77.45741679752591
74.05867224605112,68.88997135271346,73.13338790398426,74.31611847958959
78.05584623305324,76.84619493333314,76.16192895759903,77.22707100606911
72.70084447152504,74.92716320055219,74.3024760681136,75.89329575130223
71.65687359939622,78.69250712916646,74.91496556052788,75.5559850042943
73.33597345963746,74.64264622930078,74.81025782133233,75.78227411574724
72.39259595861984,69.10329803040659,76.66966651041906,75.33873894712501
73.24228159040634,75.00300194631896,74.15541107305563,73.9242941311699
71.73073484017894,68.28610390655294,74.60558414404952,74.64372269145319
72.58342988898586,79.68996453285462,74.0371273306581,75.77006939528096
70.68033889103154,80.12123213688655,75.55680263114276,75.11939935045339
80.06928220960955,76.53422931569163,75.96854859160726,74.55406431784091
69.24240979044532,74.07470753751234,75.04734744268387,73.7648962794023
76.49438208305915,73.87034144941765,74.45876909954202,75.93516276469987
75.76219737630689,75.79365087329863,74.06665919086089,73.53747368128614
76.35582531027785,75.18450475836342,75.89911026537933,73.88531124886534
74.2263157317388,81.78959940903053,75.81334959002847,73.8115278069425
76.98040878942447,77.72274715871336,75.78163421584439,73.36784374322835
74.47349906833367,74.95951714151764,74.20685066674409,75.14618101263557
76.01664417295302,78.37074516618762,74.94205611308185,75.57450978282691
72.97928390564935,78.29636896595426,75.84137443310044,75.7683542442472
75.628588056923,76.65740129735156,74.33273990623508,74.59337854592304
77.87052965119565,76.80531773293373,74.25284884203775,74.53231682347733
77.55221893014796,68.61983730543608,73.99059000502375,78.26583946316514
73.72096932666757,73.57765833726062,75.60045293185782,75.85729029351111
71.98526056330722,76.1441340583778,75.42645828782923,74.62548644906359
73.12165448759559,75.9636920870917,75.87470115483346,76.89243240873648
74.0379389793429,75.74362801353462,74.30801858742711,75.44644720502617
74.30948423534858,78.90119268618295,74.86431673231267,75.05911700105186
76.7147404196803,75.07307520189023,75.57311569942753,75.35040806350311
78.07129283786502,77.77333347598027,74.32333817114983,75.39679465143364
71.30788952829559,78.17427167990796,76.39425912853868,76.34440362648823
74.98245194719688,75.25744183400315,75.14688161213145,75.14163228982747
75.54392303170773,66.81599616757963,73.87897823562082,74.80688495682666
78.97960719760816,71.35380103278315,74.62449027578462,74.47275814539506
77.11148751435778,72.7846563150845,76.05670294561627,75.54566958225253
78.91638654889832,76.19484378991604,75.33538252005906,75.79348039824967
69.5917293708818,85.93570773403758,74.91496855245643,75.43138655524982
76.21646462738543,74.012894046864,75.41330304554516,74.73050573036343
77.28673685210322,81.56394750281342,75.84530300250827,74.34608022358115
76.01272775985379,77.01280302047456,75.56092094857989,74.25383026057088
80.15766863087389,73.33089738497863,76.44401745191321,71.8225383085839
76.08989051672344,80.34660350137266,74.4179165151885,74.90940940597577
76.82527746050488,76.62814841090429,75.48550177768877,74.62732098380523
76.07782635652266,82.34354576508426,74.05017514889562,73.64165167467337
77.57593984630496,73.73953983895196,76.56248788149026,72.63105292962402
74.34304441377702,71.58674321255555,75.06682205041048,74.96108247676946
77.80181767528818,72.17225020463124,77.02180615585382,74.90012766167696
76.48180335005775,80.08752616486795,75.26348717598911,71.52144023669447
69.5836023642827,80.39633527619127,74.25829131435685,74.03810637699975
76.16183657499172,77.8471223496517,75.50035881815135,75.7380349309828
76.91932978502582,76.3271434120437,72.24308604343241,72.03747161464143
69.01691899230863,77.63857201430447,74.09539226175364,74.94242264742914
74.71600029439279,74.05585216345042,74.61948502866656,72.87372822511355
74.83326316245805,77.53929424878,75.31986255875968,75.73519599482904
69.82248139769962,71.59505778897389,74.16697713779783,74.51770174376189
77.3063426437519,82.11450196911981,75.51953288731428,74.43586125847112
77.22604804824195,82.33866352553609,76.66430941635213,75.03520441454238
70.57322994159418,78.279336788156,76.28555900200432,75.64515203284179
79.17967470263713,75.38647518584416,76.40835180784424,74.00177025926222
76.73584349150185,70.91851209058994,73.20700546804554,75.14013727187049
76.66671733354347,77.66972027746807,75.30578130141782,73.88906542004325
73.31784884328798,80.33965981372677,74.70693059188628,74.48289626317379
74.35052225045483,73.35095756911574,73.71858760740002,74.6044579190119
72.33844218449437,74.40583511821522,75.52943260179107,74.79064997444715
73.42470698208453,79.99859631732228,75.06600286415555,74.92806233931015
73.59618207150953,81.57967159292333,73.98035576121566,74.47480402685225
75.08680494553383,77.22067739766311,74.79619597571688,74.77354531749455
72.01791030692875,74.82446419492382,75.66483893584648,72.36142607495475
77.1100423952688,72.73603621889443,76.132966711235,75.4025474983446
69.97840504717287,77.61218974281677,76.18005584726303,74.75604996539803
75.34055564700785,76.25896345382024,74.80391244790779,75.71455030237902
73.09142046802098,70.69819274922096,74.29362926964887,74.7141372500855
73.90297360020003,71.70837864870663,76.64434920866067,76.6039003041091
72.35489192667247,68.04173985131588,75.0369190963539,75.37872634457358
73.29062707066035,77.4146517620817,73.9244147586294,72.49761869908205
74.31248408421062,80.7423066689314,76.42717471409804,74.60115077180356
75.26376037594433,72.66965467075114,74.37695505050043,74.82116558670253
72.39578251264173,75.7509111831576,75.04371559644906,72.53747442084558
76.38571793944716,79.21841863797962,75.9380553379522,74.90183620421146
74.17646140794417,72.82862301579775,75.76379166454277,73.8808191001613
75.09795264862996,80.47543434637899,75.37164850444431,75.19220127090676
80.19201587781352,81.14223496954044,74.15290788556845,76.48189368619036
76.36926394552292,74.3688705324697,75.40482215971358,75.90948470489701
75.68855454822557,75.18932201895369,75.39396774656656,76.4193854537489
74.2974201293733,76.67748452130249,76.16918915183189,77.53624721130275
76.13350740701733,74.17080900793408,75.2117124148731,73.30091256270208
71.38037873342404,71.8983624597439,74.77559967800049,74.41000011698502
73.73847297567491,74.48605770281101,76.73259640306824,73.85076592210822
70.90544909220894,73.6532294235382,74.62608891325488,73.86268549187254
74.64213630766601,73.36684598753651,74.4508968721396,75.04715169568414
70.45704674732613,72.93575669012333,74.95242717712192,74.5309438749594
69.80642105059276,75.00189644215514,73.79675894230037,74.27820304127995
74.94963516333156,73.20497746200459,74.73789455118713,76.14742439646069
76.08297492133477,73.32298816060286,74.83535017063524,74.2077851145586
76.8352895975306,76.71139765090926,75.33216906461465,75.11465697042378
74.32653433949329,77.81652474517517,76.16742699276108,73.00813665045776
73.7017184417353,76.43610084972111,75.3123619247386,74.15387165223822
80.66876795883479,78.86243884604902,73.82080425996661,76.17052167721799
73.71641168817906,75.4902117370491,76.01541864232772,77.7245888212497
77.75418857055533,67.80732668637486,74.01575363353642,74.24393234273919
76.02555140395285,70.8498192888165,75.85726165996921,75.31134432615485
75.45763523673317,75.12915211627964,74.99479469470032,75.50370749022521
76.16824693206124,80.24516923043865,73.25550306896358,76.54684291635895
79.81816203142891,71.97280141154113,73.97702744405346,77.38837178842076
65.51184217051738,74.50226323310667,74.85688949958349,75.68640936973213
77.37343118160511,82.78422794378439,74.72129752344104,74.37069800097504
69.28214021817152,77.4177272783308,74.87866444980469,74.93670980423276
72.9964983348199,76.34992032236234,73.30050488483376,74.44456469171635
72.39689775464939,70.98039018714991,75.00166668832733,75.32150841521985
75.47870590426426,75.890764012908,74.46615520406726,75.93078207126612
74.759335195622,70.13320823629681,75.07465150530426,74.23145126834325
75.59731490116258,76.17947862770872,74.52558346276534,75.26554032245878
75.69052540318411,71.77368990478142,75.44623839658824,74.32564561211852
76.96116246896311,79.94263608070081,74.15928277545675,74.25772443023757
68.97657738030495,80.03404028826942,76.76656348561032,72.70251295230308
76.33474769895994,70.265478248908,74.16709254234615,75.01295062907955
74.694668504368,70.43881649625968,74.08436205233289,74.98441609840634
77.24338838947796,75.12422555905341,75.47976442247774,75.26650320209106
73.20983111239387,73.28568124682928,74.36033754422164,76.03505631916329
70.0649344813196,74.59433949191256,75.99792261471181,75.14198796692199
78.43742773395651,77.36706658175135,77.11661197644882,74.45170709576728
65.13005941381398,80.56167727984494,76.81082545388071,76.13184532275784
75.58042431189294,77.74162212939632,73.80641306780922,72.55422194191588
75.07385128300231,76.4765827924915,75.78235724452095,73.83129975912101
75.97827885501084,74.16167954255774,75.03722053577866,76.19145912000685
76.0538538493746,81.00233625257758,75.49311535370167,74.98588089008953
77.16587552398016,70.29043402534971,75.21199080815153,74.94059952582019
69.54107510889818,79.67681603498279,73.77068920925035,75.99985201674964
73.05357477947372,78.07292033430208,75.0513657478001,74.45474650795452
74.49842994800665,77.08210907018,75.63966590203368,74.4071844665307
73.61711067263732,70.88866997745814,76.69629860303405,74.00870772566728
68.75812680429883,75.76633206682558,75.6797867426932,71.66956410144982
73.41634595962381,73.64203752861869,75.69998353143252,75.51919934728957
77.17546728047124,70.31057815447785,76.87173965633873,73.95636633389051
72.6640500844548,72.89967302156371,75.63986285410968,73.60210291328593
73.0612372104018,70.83427003413472,74.57005805281105,76.5139068711258
75.08295854523168,77.04382145899726,75.52571572263957,75.34329023765062
74.95869579499703,74.29055741147212,74.06118915141165,76.29324089106537
75.0535666455776,74.3605786665424,75.87080163056459,73.6996435956066
79.05340292594866,73.1763573306019,75.32646734798132,78.05317315289953
73.97637781993384,81.4984641780603,72.40298660239654,75.72143834450104
73.88290691284745,77.44056903582047,76.35568200696088,72.83589747574689
72.28401732484062,78.64184931037394,75.2188034653235,75.12028951258065
74.15023171551668,77.7584472805951,73.91974545467409,75.94198192276883
75.03441458696541,66.83404036712864,75.14032757095868,74.20400440366458
75.91970557864357,79.18257536044148,74.58173210305665,74.5657004751139
69.18758146739194,81.18896134887409,73.80216772356864,75.55126385364379
66.53252416889686,81.42384475897288,74.77658570835949,75.09449724781429
77.25550110170393,72.85618455179127,76.47314588399172,74.34683271534958
65.22815716390943,72.3825134731959,74.22268096816644,75.60587341537489
77.7936761505687,80.23191201939673,75.82915059556842,77.50115947606166
78.19953494666912,73.89246045911153,76.2184980517465,75.70563325201024
78.39929165392647,76.67118996197902,71.60367785416699,76.7279083979008
77.11392964508022,70.31253827024419,74.80032317883976,74.59104304838813
76.65717500392472,80.31586874378466,75.70268805609366,72.48254267313575
73.33534221901432,72.69496360718937,73.80165484046645,73.37382267859402
76.59461672991488,76.95843095944488,75.498165360086,75.15318692279195
77.05327820406913,73.59238192606124,74.41641025566864,73.45996684157356
74.50696929481202,84.32611594778226,75.46433696130994,76.63272139870637
77.84129527337298,75.44315565686674,73.51556155218496,75.80353406079692
77.57644043422593,75.36140873468268,75.91595371808705,72.98239293169483
76.98167565278419,71.93776754548274,75.3918122061665,76.47368388187823
75.59672021700598,74.17803559632752,76.64797394973856,73.70473226467915
74.79610391077973,76.8849640575731,75.63748226027728,75.89573253469186
73.35058139863287,75.29767136963707,75.42363238315596,74.78061037361343
73.92408746265069,67.39740825620646,74.38774497308384,75.79112814747158
74.81395551360004,76.10397246828609,73.12423233999232,75.98950515432375
75.22753307734409,77.71456006595359,75.80902663779673,74.87702887923625
74.70840246562068,76.88655528684637,75.55290678216406,75.09214640973008
70.3540705230709,71.52034236720803,76.68498662837963,75.5463721726203
80.74511889547274,70.85189480596185,74.79374749812332,75.07420579140346
79.84500236585768,71.92279031105745,74.72823430780996,75.26008001305382
76.06788147425006,75.65849949814735,73.71026008112908,75.61719628913431
78.66772649826427,71.6128975906084,76.05559293274183,76.54215392748596
78.4080589218963,73.5373057192315,73.05107919159519,73.27708544987352
70.77591799578465,75.30326208596696,74.28519578032339,74.17928383094475
73.29854837414567,76.47347639479781,73.89866127687117,75.62607950491946
69.39909886131142,75.95175002668593,74.76061539868346,76.14289441264825
73.59032074833061,81.20590843548143,73.78380562276567,73.80232954968186
70.07908801249994,68.21573474734863,74.37776659163744,74.40137941164775
72.55051767575537,76.52241500517589,73.81191828507423,74.7866000845142
73.87591780081867,76.05566461809582,74.51741139223412,73.9161709835781
73.41306473158127,70.30244346589461,73.75609228635822,74.69135386753565
71.85963611392546,74.36781542285665,77.17705226531984,74.33262788736438
77.85070777798325,78.5176696896348,75.7495172323878,76.79617065206422
75.98784996414769,71.60369448653546,75.22286537782959,75.05612746161522
70.7417394014701,75.02712892370675,75.66341256682352,74.99730102976338
73.75472424924331,75.22242979772625,75.90500700740593,75.08628702455182
75.72006827861831,72.03594360527315,76.16467555987288,75.49361457809438
74.59987901457598,80.1292802521217,74.85158871748607,75.51593117135018
72.34090216930903,75.79256204498209,75.7657403977886,74.71169774930017
76.71314754496805,68.33967359982714,74.76973656634499,73.49154373618693
79.45812760960574,74.47075426918109,75.33160035106731,75.3603696988951
78.16484538881194,77.93140048509663,74.4675044595936,75.32309349435609
80.90907863895524,80.95514565897416,76.17308400317653,74.49913495858904
70.68472660405801,67.14732441696961,74.13967611809005,72.39996149146496
72.07806685181379,75.09630994628313,75.81332894287462,75.2928369443174
73.0324361255475,74.81037245613427,74.09714017765819,71.54399361439009
78.2750682246341,76.9992724561971,74.24429833302939,73.95500811048589
72.10606806432402,72.29571036645548,75.31516767833388,74.4855946993248
76.01951578135639,75.3852616595084,73.36357557024616,74.34793548187221
75.69819991616893,81.90365774904937,74.22056523287726,75.01106835356269
76.46958815121445,78.45363351055065,76.4470390318931,74.25348841801272
74.24610950043898,70.89836517650669,74.85583778160927,77.88069949508161
73.0907339891424,74.753769206847,75.13434660524416,76.47233454992809
75.12856053808665,72.32031703404432,75.64453380192312,74.92444936321715
76.9000471174711,75.42661212038307,76.22338452056312,75.15380872098056
71.14331855097667,77.09196403369863,76.24129454446603,75.52548418422127
76.8127606403152,77.46331826097594,75.1926844621235,72.73096495084316
69.58837333910974,75.16289661363756,75.80571860057934,74.97080089881358
78.57302216216664,75.72160880484277,74.59529792869782,72.48376326564696
73.51687707170488,75.3329833714707,76.16592630515075,74.15706763690659
75.83543591551901,74.96269802768492,75.33667169588631,75.15685681555593
75.56097419191535,68.61936747484312,75.15687696722918,75.77445402709267
74.92931027721404,78.38651418804612,74.74208357457128,76.65400225941126
73.10194353672459,78.43560393814961,76.22980607753694,75.76424844725823
74.85634981813125,75.7613448279861,74.87881400737608,75.0056456701014
77.23663146904569,82.16116297973998,76.57222701997277,76.79516056936356
70.39142338424287,68.11208358537196,75.78294696094888,74.72050182272054
70.66204079542935,75.09631754524735,76.2329135810312,73.92572949679327
79.27693947345867,75.72165367843243,73.82452059054638,73.88878137845282
75.47993636088691,78.07543712233871,74.30197860335514,77.03996679616539
80.30451640872977,72.72480581622938,75.15043605265124,76.73926836608881
78.15150728432114,76.00779913121691,75.29399246523526,78.97391228455578
78.17457661580843,75.88026213447273,75.5726464219028,72.47730869407533
75.75659823061143,76.61412213508082,74.54519440311194,76.80516278204843
75.37467684033412,70.28013174613967,75.10139327136253,75.08828848981975
72.95411158692866,74.48104231085092,72.95882601290819,74.38363490971025
71.70899505522154,76.41039748225738,75.17712527324319,74.27861536689228
75.957882291342,74.59890157451188,76.4646171402868,74.55600407964876
73.70911949035087,71.28815517462222,74.82638887032921,72.84885568667393
73.9631581195675,72.38509360379388,74.84125290964401,74.82786445847795
78.08422143902553,69.63415239657208,74.0116565952606,74.78315438989326
79.63460618069088,75.04696664874758,75.13227300623647,75.70837392148556
74.3015920948722,78.95575741787907,74.2160279015082,76.84482754919118
71.82604153078107,73.89487670184188,74.39248841146933,76.57559204085982
74.896520236641,71.34108484901493,75.30522538074199,75.70101550073184
75.14079538570722,75.16903466045234,74.21774753699557,74.69034898578059
69.79504379360776,78.17207464169572,75.54065057134093,74.31855504458514
74.30502575633439,77.9931026378819,75.61761140424694,75.52175100611642
74.74623764217972,76.81354455302115,75.83943301882269,75.92473799900175
75.63996799364068,75.68117036357923,75.55012243295818,74.11414793593991
76.26583030072887,78.51692382599406,75.95783986198009,74.67880455339267
76.72908719974555,78.80196548445004,74.81442924437113,72.87799715032955
71.56090086673115,73.68356553354175,76.88835770905663,75.0190330177867
71.02978527419326,76.15713031200619,75.04470844335356,76.00623821839645
75.47456702142503,76.92125014903606,73.50102697686637,73.99699494263317
76.49477152548684,75.7327608176384,75.89517436034151,76.2671680869474
76.01975947577729,82.12384611803685,74.46853377603917,73.64809766740883
72.47545538575974,78.95752350951769,74.00425550376106,73.0406640140444
79.35548430699197,78.2828611936227,75.87096870611856,75.93826616155535
76.70480440266763,76.42539684648736,74.03556742254762,77.08406559852448
75.07089809670823,70.84730971098814,74.81375672175292,76.36127952752427
68.87128572298084,78.56660214364568,74.7304398820745,74.36995623979584
74.60708977182735,73.56437184940884,75.98609254268294,74.40368647744626
77.5809052775102,76.8546125630094,76.20445599307963,74.81128000993513
70.24115230852064,76.59312888475819,75.14243934980061,76.35784354145024
74.30379125941613,74.06404295338545,75.4100513082879,75.38450281960047
76.82961964997907,77.58597682212567,73.6366894679781,76.31418123060287
71.53878081810211,80.35440035874593,76.06978032598401,74.14204811644211
76.33085018534734,67.40970020887299,74.74447656087244,73.33235014514729
72.31475446949324,73.32140561927613,77.28788937413697,73.47784268876708
72.52592497444468,79.4032996061024,75.79421255921426,76.15123992330989
75.24095667233043,77.81473866308241,76.66895676288226,74.4108808266187
80.80251250922403,72.03789306014778,74.38170198761489,73.78901361225314
74.4975378729426,78.72465496718608,75.19439169843116,74.77788363480369
77.9531569645854,69.4663233546156,73.58861394493185,77.08358260377616
70.11162242831494,76.2219467518317,74.30026746957758,74.60772376082029
70.99055507757714,77.22805798374574,76.13905633489114,72.83339243044435
74.47679691084471,72.45634904403063,76.23284826015293,75.39865463619758
71.34554454622099,72.52031539096544,74.09956520285813,74.5986046227562
73.54304537862753,72.40786090847293,74.54752334548209,75.04043858174113
78.61749239620919,70.05014432919168,75.21540128378581,74.21420965034959
77.35050135841907,80.41158287169024,74.53066723513314,71.9897215978311
75.98897140684261,69.52093468408809,75.9059441885948,76.21884477295391
73.14398796065794,72.39599729339164,73.70708316406869,75.36689142522407
75.03265849885204,73.48226462278828,76.10082514652527,75.67556287041569
74.90206740561229,68.40477169712442,77.12848026322072,73.27771634193664
77.99363449995651,71.32986175045261,74.96617095264982,74.07161226895896
72.9035882674391,75.44232196477712,75.73859075581936,72.32594748300218
78.32879917097394,72.7689538022603,73.87536900695775,78.67621132850698
72.46186382769693,77.60929829755284,76.9303610811153,74.60941438938458
74.66229836248235,70.75098936926008,75.01432288945284,75.62821120243696
76.61338187487954,74.20423869380117,75.79450331656403,73.66654467580402
76.07880466880245,72.69677429084278,75.90116419948947,75.35733635375294
73.99482683677599,75.44486749251416,73.41984254037096,74.4261116446155
77.22765179613292,72.29922254557653,72.86701930256757,76.04279329462088
77.30617311231426,75.55345865095754,74.40203216976857,76.83244529861639
74.33008761879542,78.5652608798135,74.36769644903076,73.60195290487924
73.5657593693771,85.91862932788865,74.22051195317373,74.51973016670314
73.298083390824,73.74347310972303,76.85632790132757,73.71892975106849
73.3368735685238,73.89650767505846,75.33503985327506,77.42641210683857
74.49775206257823,71.97060465980468,74.109097405475,77.05241893917285
72.73093929604907,74.66177027573876,74.37603681733854,75.27051210278226
74.79458395390256,75.19685009429217,74.72648090503719,74.64568273045258
72.42113256414119,79.82666210590617,75.03114156975444,76.26527389337367
77.10384817011769,77.84072993217754,74.37830577456481,76.37625774789147
73.90766992750758,83.17345169089802,76.08879413252195,76.00941343582595
74.89133380081329,72.95866215414559,75.47950075766212,73.94897471436362
77.39537499138117,84.30613419275909,74.42548020108794,74.8397617698075
77.18984349571147,77.62293978995609,74.42661242698021,74.40202357348034
71.0833276641218,80.91874955044841,74.27252842742253,75.04648928483779
76.73560340634889,75.00975979373962,75.71839413427946,74.68471871658174
76.68306225217093,78.41094223695359,73.60979504197027,76.54566982180182
71.60741707772719,73.8370900005073,76.85672407240415,75.48332030226662
74.57439063508642,73.2938881151103,75.32221623229205,77.15543156761701
72.00342161465882,82.98438536015375,75.51058498136155,75.62790270994448
71.76317538888448,81.1360258985762,74.19933922401121,75.07910313784689
75.79704121375369,74.75531725840764,74.202350491067,75.07540411554447
74.50054207912416,72.32806228402156,75.66331748715372,75.64861932725476
72.9337334036595,67.12235184866161,76.14317567023991,74.13158512735933
72.12827189633697,75.81514732415323,74.19989452022652,73.48419101189484
72.08666133878825,75.7282030466575,76.20127521889695,76.19214431112407
73.69726782761407,70.19610076212858,75.03722880719928,74.24577486240199
73.87198658609563,78.42117379161571,74.24062114341858,74.17225191284547
76.69850369969336,75.25464575266265,73.59722982771542,74.4258323951899
74.13721160413654,78.36740359119679,75.3519882188987,75.47649275602095
69.0969385187137,82.0993620282133,74.49445774707206,77.00107990938811
71.17587724212696,77.63992506174198,75.2605058131159,76.38525828251352
69.7668322615452,69.39713816866863,75.6625084463496,75.25555513374556
72.32805029700963,70.81591182790832,74.91854833422617,73.41512891270929
73.30482592798245,74.91211140860706,73.71888661953784,78.93714731878377
68.4888023758142,70.06850446351788,75.3495884511846,74.87171849547133
74.4957333313703,73.6436691218063,76.75037321822575,74.58663240591842
75.18269838562505,73.30112965846266,74.49609168481284,75.03473142609135
73.71297374390164,66.7378268552537,74.86611904167208,73.88663694049633
75.69179119275803,73.84992357099898,75.10626746451261,73.99313873932292
75.63518802376021,79.4571931016688,76.6170048747074,75.92381247729415
76.28448569336774,81.99212361502777,74.91417985784248,76.10626028296056
72.06868930513357,76.45942124838584,75.89659210782534,74.08344418369067
70.46033138972555,73.34229707255562,73.57477556874247,75.81689562218203
75.95294917501842,78.11046182997282,76.50805061678166,74.0243247483005
76.7277278431997,75.42708300534704,73.92290042818085,76.04498405324966
74.06737561197325,71.49107220627923,76.61563701020035,74.88279722858535
79.13284832238413,72.77211271322896,74.01771060478413,74.98633838643157
76.98936249993749,74.85815731309907,73.4895262934542,75.37108771975498
76.27255377483775,73.0527695979391,76.01598988976784,74.65037614419762
76.62940317961967,74.27132666601234,75.02146625189421,74.88851462550015
79.08293753748777,78.20197296696958,73.86119459871381,75.38792090168421
72.8682009140428,78.20727931215167,75.60368009696982,74.31202329325295
76.07977608818796,73.3372661970642,76.16943549953756,73.35406172241514
74.78020107022849,77.70311984187356,74.22001801224815,76.01120500703135
70.04358010563485,74.39793529677613,74.07498963844036,75.3463956209505
75.32836690306983,73.40537051502363,74.33725313546613,72.37708410438842
77.26847150715568,70.64486036211443,74.50075941147273,73.89308242482701
71.2764000157909,75.27381056957034,72.40086624181816,73.52400314534226
71.88618144435522,73.36993201764452,75.15951153990319,76.93880926872365
81.45082434760393,72.65365886439203,73.00892844459193,75.35340952342298
74.26879836066587,70.91434268781501,74.89055179047625,76.42263472851243
75.43519033767045,75.31680662448072,74.98245389963692,75.48475987933189
75.33575674803967,78.19115462785875,73.52866613077323,77.45956981837107
75.7876450690316,75.23261759581167,74.66016533867534,77.50586349039584
78.76393977063299,71.70863224574717,74.87193820125799,72.25631614109649
71.29643045488707,79.46203460012181,73.9077904617346,75.52796676326932
79.62822046553896,76.96458752683989,73.93181931881634,74.24982257594664
76.04392297344212,77.58964924175754,74.16089166171803,77.76477951090688
69.08903671796376,74.89749525866505,75.18669165341794,74.19164633236431
77.30405060517093,72.94694767892483,73.71317850529383,73.85092429793953
71.5316810501386,72.1193921234891,75.22183560767915,72.28515229657378
72.1217132905873,71.33862896773572,74.03660269811633,73.52455538331967
73.01272167840243,77.38495409441767,75.80998339986334,77.81156792387853
79.36560174968542,74.40865662433522,75.30868281689612,75.89013345157564
70.68780135819247,73.55595609055362,76.25434782583406,78.30108586529241
72.67098319772103,78.8459790444863,74.41915832764073,76.59424116112545
76.9490620890803,67.7847621016169,73.17962526656922,73.91849800909907
75.42899536800432,69.28980618759776,75.0989153916648,75.41629925977928
78.45406490971361,77.59514496486943,75.22900980843417,76.27703060066149
68.10047258252138,77.34039516325362,75.91655357255351,75.6202775091251
70.68600468883385,74.31342915563566,74.88988788572924,76.69820915107402
72.00599156373426,77.94772912885128,75.40190912118561,73.9953941382222
75.00289884998355,74.46928604252952,74.18180431569957,75.93977146484099
73.21210151786597,79.5850175608633,75.47311523596129,75.97806456857441
74.0162010748073,74.13727228445232,76.83864525817651,74.26008345151715
79.26024277649478,77.56612502468059,75.68142002811909,74.46281017986475
81.76811605630431,66.83269785999302,74.07558583853894,74.7084837683815
73.11392538356212,74.62162598059028,73.86297674680885,73.45136183735328
74.75589805226564,75.10286817075232,75.46357847367865,72.83205717728488
71.40327367420267,76.00159390448009,73.44712742553055,77.56267814404372
79.38997600374101,72.48518918822772,76.60100725356052,74.13599220179084
75.5481162535728,70.62509949990702,74.48105282081171,74.07037655716648
76.38297068301272,76.68274358718752,77.41925891621868,77.49435897582234
69.03832512174294,70.25423190097621,74.06646417945085,73.70830516436722
71.44301569014462,74.01634961550836,73.62224764720439,73.41719359052296
73.25522490255565,78.80998349548874,75.02149357908095,75.7365633234909
74.82275869196435,72.60504468742695,76.18390771357485,75.70835096551188
75.28857845132727,75.74993940661933,75.76430363388263,77.17382881229187
76.54065529496336,74.9689236671396,73.64594912446002,76.28894482290539
77.76526790582528,73.62674252702303,76.05079284089808,77.13446479890722
69.73296188229764,75.74083664787678,74.76450292696536,76.29164523566237
72.07905063029924,79.11043322187383,74.89869461648858,76.74400922310964
77.58573576475848,74.78195907119843,76.51104224134593,75.26361581151535
72.46602041374643,78.2732681008558,76.13066140568523,77.29430294323505
74.3906315060139,75.16070176481614,74.98616779207688,76.47286641122929
74.26645208209763,73.7913418235161,73.50425677599877,75.38968590473874
74.51338084645147,78.8745644925684,74.51729756376231,76.70186104010769
70.75421986118705,73.5426671132899,75.81623151653736,75.61579253814261
75.31581892211655,74.93963206819718,75.20549591185815,74.3867885891614
75.25043603567426,80.47695458538324,74.23039099111114,74.98730531670685
76.29436190199353,75.15457140957449,74.67055385872571,75.51769972069533
80.0181051878244,72.60333324163044,74.65864886250253,75.44619503659194
74.3045355596924,78.72865850246431,74.95235931047499,76.86645515167065
72.28535948660871,84.11751713080983,75.31758763763446,76.29988686519879
75.13684582208525,74.95954614386208,75.21982304494804,76.45744997287534
77.23723439498904,73.88575318512213,73.5360323302222,76.00692359084195
73.03880564010615,71.21475144239943,74.48443584992417,76.54359155731346
76.25920290608319,73.97915701422293,74.39757361570022,75.24137848462063
77.12634642216022,72.91021745673449,76.25249615972164,76.50107692662628
75.76875633571312,75.49445497907541,74.2361115142659,75.86319808295625
75.65980008178079,75.39947103087059,74.92617252293736,71.74555530125865
79.19425000210468,78.73033035528395,75.74956152618391,76.50045727022368
83.91514237074796,80.6126338443988,74.87334931349686,74.40457438976503
78.3745851996596,75.43190881041625,75.37710587117519,76.11699098562443
71.90561128287054,77.00172060269317,75.44689328891873,75.33382040036454
75.88764877017773,68.32794253242602,74.60013974751314,73.73614178238145
78.46930341398556,75.52869211800976,73.77377414181804,73.9317712667548
72.9866572133418,74.55922615268317,74.6322781190899,73.51881055995294
74.61643340979474,77.54076532031219,74.18094336711296,76.0294838607012
71.54236809088945,80.33048897270947,75.80361923983217,74.48170876671296
80.95394461655609,76.81683910375091,76.57796388866022,74.42699986400083
72.7349480203281,74.69566900444522,72.7870343808552,76.1354490989446
77.79214007272232,73.24409072565545,76.25548666844037,73.75299114059708
74.7395069480228,71.27265699578226,76.16763460329223,76.0149671409545
76.44216510608715,81.8769894601792,74.6737322328034,75.63530797744322
69.74704939457587,71.84420812936733,74.8050546675521,76.49826763070374
74.11355584490049,76.17372650491752,74.92087775621945,75.38201987878483
71.9784862712967,80.22501677261299,73.78708080350839,73.54985419063112
75.67148369338939,70.23752541332135,74.1372067486187,71.94633470770985
75.01761724900395,75.90800630293704,75.02134249746787,74.7387839227312
77.11381110545125,72.61783842580883,75.4946916231608,74.94179640253853
78.61261198494974,75.28966113068691,76.45879328351748,76.25362526049223
70.36462807313303,68.9238663044237,75.98339344777176,75.2786750062896
76.08892785280837,75.8744775711553,75.2705941366547,71.38236719925816
74.7556131492987,70.73561222253517,73.6375329253183,74.94444502792845
77.85545385435988,78.2594491105402,73.86971184257513,73.91741539155464
71.99188139091731,71.64200121453105,74.56935611113228,75.1066657725011
75.58728807229878,76.77116925849951,73.77024107708952,74.77218006887027
74.82641800865608,69.23613972939113,74.52627289904012,77.65831292149521
77.36240111220336,66.81585403938331,74.84361208820475,77.79507623849726
74.73526059624781,73.36970093754228,75.02789850478707,75.3990987882711
73.61857971358762,79.20334465763152,74.57181086743705,74.84775419713687
70.690511833217,69.44539240893818,74.71137375769929,76.49428053876221
73.23021948082014,71.99870269677643,73.83011518849412,73.55671467615743
74.32597816459936,78.05534815930206,74.08628895087617,76.4088146612899
73.54818357292127,66.10685416724982,72.97955960388418,75.17071042434476
77.7893891250176,72.78522507997805,72.91088745020551,77.25251694379124
75.9119012571341,73.51563705821265,74.44365044516722,74.43074867791263
72.70317474252856,77.7357956928798,75.28393923875934,74.61293800845344
68.47679409586773,75.06846042259667,74.49824141906069,76.70694132994528
73.11472289135479,78.75536213389073,73.62655406454252,75.1625576720935
74.5567271958804,73.1063007009333,76.19435105894425,75.51262480910198
75.9906453051986,82.22741277519243,74.87240552849649,73.7177668259356
76.92629231331068,75.42442628527643,74.49349823181133,77.49262338766577
74.1148601452699,74.54115333922283,75.72051629697695,75.35649407682912
75.7065349468055,76.31400213356453,73.58694044064191,76.75565368047835
73.00011047699188,75.9578464963634,73.98228374998729,73.31868059687372
75.49149256118406,72.61999641276626,73.90535281661371,76.25879386039712
74.22335344656838,82.06121912927557,76.09575131552526,75.04496092675366
81.79412346626368,76.51478778187897,74.83079679409346,74.48014034264412
74.02542000632928,76.50154642666449,75.26058068314516,74.23508230766224
70.21877938795511,78.67733581322452,75.9313046639195,75.56164385815354
79.31586468556065,79.63302875656088,74.33667206975257,75.14154007632908
75.25818475429124,73.03082289471574,75.39118608781826,74.87271692601095
71.16606636266015,69.49953553684742,74.06950349526888,76.26505535346497
75.14520461174817,73.24358637195448,75.9192491750809,76.0223258796502
71.1388953865279,82.0039650920273,75.46681653711062,72.96585926779382
77.21765709398659,76.85670094754987,74.99140666413419,76.06108530410482
80.39001738435664,71.51207738818542,73.8343246336576,76.57654558777041
75.07513447602997,78.45458995613247,76.52595324736109,76.61461635299885
77.74308415645345,73.81757851452221,77.61009109009662,77.91706346424763
72.86303036544015,77.37565200836066,74.91812395306921,75.85005941479625
71.73278970155923,67.6984355164739,75.75353019246707,74.14424150849901
75.22809698586252,75.55957420715046,74.15793038697602,75.54244173048856
82.83526890687295,81.24429868987235,74.7401134305659,75.75351127670389
78.21105642312683,72.42087725543796,73.69098640545033,74.42208930001534
75.00717368331074,81.32618206676806,75.90404356330961,75.72342328837793
73.73639965611727,73.10795600174183,74.73653942301857,77.22715001300726
74.15700640346004,62.91941555732297,74.83405438568151,74.33622339969477
72.51060939426938,75.99193167709569,74.94339665648288,74.37473013915813
78.7739003140426,75.8905905452706,72.64167548001544,72.79810690183163
73.49830305328038,75.11558226683962,75.99057174796889,74.0479242725471
72.9565745882908,77.67431386918292,75.26239669258469,76.16067735768573
68.31694578497971,77.02043380109978,74.49825572046163,73.44944507918252
74.06377090671336,71.92398195170908,75.08123964864338,73.74990692815284
75.1463918759263,74.08917444741026,75.4530033191594,75.38493134659625
73.72096669375048,69.57760842726469,74.56768258803339,74.761973477641
72.4041055870279,75.95662172514102,75.02102050281538,74.17698920338954
72.86479345785904,74.74060590169861,75.45040361998103,74.73916826283697
77.02255084839952,70.50935153737458,75.08327627145704,73.50950299273823
76.8506436160967,72.63067201587859,75.93079034965668,72.23112838831341
75.70091921580573,69.92494382910903,74.75656436750866,72.61478731073298
73.55128100138829,69.19113137020076,74.19667162498047,74.16731218183645
76.63833433148099,76.18163154446042,75.45515913101386,74.09859067825343
70.14917355969975,73.59132652748305,75.82977368112522,75.64775697739489
74.13497172911332,75.43940445038105,75.54700346085151,75.16585521136462
75.63752284381056,74.88005900562271,75.8804533874546,73.93929240617571
80.99964493638272,82.58202532278123,74.88372275131384,77.15616364354352
75.79699721905206,79.88731258553825,74.97532661364296,74.61151057616961
76.30164854069413,69.03765814045978,74.24329594326393,74.18264559291164
75.72118377186388,73.5951542140441,76.27212251586378,74.1715720320787
71.61078553243483,71.28812284459302,75.322937661142,76.99789736059792
72.13421321423851,76.82302855619183,76.12550547705311,74.29187797868614
74.13399408854353,80.3226320652949,75.22619698448442,74.04715474252909
72.86792924745339,71.93674554706169,74.57445448477229,75.22017323224638
73.13738641208604,80.27135866042391,75.8316378984759,74.60409006476847
77.68793375531989,75.68054588901201,73.77886435767986,78.22265634075464
76.04840486489267,72.20913305731231,74.88941750138399,73.15163249426514
81.03830190220191,70.55898572172396,73.51261564375498,77.8655825975365
80.07811898557874,74.1794854874165,74.16002384836969,76.25452784017517
76.22899159801177,76.98395111455469,76.04102849241664,75.96593072077134
72.59959138158175,79.03967622269234,74.61483033714927,75.92988117158383
71.86131662522813,77.41025990156537,74.25403395970682,73.51293088187516
77.68683490390798,74.39816979939592,73.59351573490896,74.2729197856347
75.34820438893887,73.92624884368225,74.53840311097615,75.04818436608456
72.51569343505687,81.64829938229823,74.9992694940076,75.75570976768617
75.069318461534,80.11937130165543,76.65980034384444,76.25233111433226
75.83782569043981,78.61017842134142,75.41346403969436,74.22204608159466
77.41561649874777,74.63058459973891,75.09965677350814,74.34188941957821
77.67936617214221,74.09845300871945,74.98612379707087,73.83350463483909
72.72905820500634,76.30347523000528,75.01490774334152,76.2299212875777
74.69266180751825,73.14263245205798,74.7840059998636,75.00398215230007
74.7844039821312,74.68107271972433,76.76291402408101,71.97682219793336
70.01716955743743,70.53074064258531,76.12861575663318,74.00559575848601
74.71354305027388,75.04469122070174,75.97675919231564,73.7221947940229
78.15751374182976,73.2201676822343,77.24936910088111,74.57126800772033
75.59788827347411,78.95808236502883,72.75581233448221,73.38867061561538
78.44714071782158,75.98578574627363,74.3359716232391,74.13817225590223
74.55576649910518,78.06601331191936,73.75629474624749,74.12738276541674
75.14079846225091,71.5884572655853,75.1555796775465,78.26324242079365
72.1936544725257,77.9973865542615,77.02276163710174,74.72978594955464
74.64439684097042,76.79738324813546,74.90392753853666,75.95117986932355
71.70490806873406,79.49715034190692,75.67155149903891,73.59664273149586
71.26359813740922,77.46461071826351,75.79863344423005,73.97616508220237
80.42551168024525,73.62195291363969,73.15068098118424,74.31742114694603
74.32784973412765,71.60132050125435,75.41579665866848,75.18550327753996
75.03279599269995,75.27833838436868,74.95947253783118,73.4660384408455
71.61100216707572,75.19465264802236,73.3412677657329,75.99167360157664
74.90268127098801,68.76291260431046,74.35574555934187,75.74717897722412
81.63344090004169,73.76158425131665,76.46641554779451,74.23426679131389
74.54571975312393,72.04895247965507,75.7644760550808,73.91843484471063
75.05620674908934,70.43694442915809,75.46710498142907,75.60344232525276
76.19994694303871,76.63021879695565,75.39278250955242,73.84070030279955
73.7933673207965,78.6610613351969,75.15557540146598,74.17288911339013
77.27422775533068,74.50531857361497,74.02599783006153,74.11305383294173
77.71593590946884,74.30481453882183,75.20448866842793,73.53226782222278
74.18209565573159,70.20161590002702,74.33468612070472,74.51117920163634
71.85055428373329,67.58638428238116,75.65277121334704,75.596499978366
68.46641354458356,77.50681246342147,74.98654676168904,74.25528708729394
71.9514188816096,75.28370574642548,75.89239326477387,75.48126448843517
76.05350305590561,76.35770618477382,75.95403053023504,75.57971565956824
76.99791385998272,74.19729893112479,74.96881152267107,76.77039313120859
75.48904329488555,76.1605300970312,74.75202115409527,76.96622967233878
75.75230328907588,67.86017207610514,75.65427681044865,76.47964420455304
74.51872672331882,74.71855989458368,74.5702872685046,73.65243786111462
74.22665625162209,67.24480481698218,75.84808781914941,76.04367904094805
76.15704910171895,74.31414575715972,75.19943420284878,76.16481202754055
78.33103826856193,70.01226990668012,75.25188447467974,72.43157222186362
69.21186229429361,77.88177941729802,75.81742824268107,76.3891054132528
79.99533624204729,72.77926418018079,73.97010364325725,74.11856819505824
72.08497968720901,79.6832248581019,75.94841336962446,75.77399301562812
72.9456601421594,81.26059189457335,75.00671016512723,75.43289445676739
77.21372680975749,79.19373070173593,75.75332135041872,76.59651426835674
71.38784615774816,75.22458626285173,74.57012230256099,75.4212646827817
76.6810322862038,74.20043863086848,75.35416534361094,76.0770957032969
75.11583063081581,73.92674995388096,72.5867686837924,75.1979538312891
73.87544580687783,73.86510198018888,74.91777504187472,73.29726198233635
74.37552342917682,82.45675826203838,75.63441246900115,76.88085289496408
76.68894033021697,76.58361126892724,76.3242640980828,75.39956284037949
81.8701726614826,79.72714238567062,76.49584492584367,74.24087809633988
71.70524793962123,76.52975845476512,75.61923039632964,74.40764621242084
80.5012864245514,74.69639870600732,74.68679424105702,75.56822430000877
73.0869963762589,74.18120536542929,74.88072676930811,74.9500220226531
77.16333854280862,68.59814338592273,75.56846897025784,75.85458650892615
73.49460093074347,73.71799058352092,74.53383053574773,74.11553925394458
70.70464528297194,80.4830464331001,73.52418044077812,75.03389922085937
73.15084953783968,72.78515254737677,75.91260463964231,76.17876906010973
72.94974495655015,74.36510940038981,76.24665497665808,75.01644685007173
72.81072199975365,71.76628972953314,75.11796758403602,75.2194678311981
72.7285490680479,74.15119823046949,75.17214269360093,76.4964461519109
72.39499983072139,76.17739312536504,73.93852222664187,73.95340747665288
74.31980646270873,70.71383770346138,74.78932317773098,75.71148804043585
84.25246677975028,78.89784945405344,74.65046998983381,76.09560842634373
72.39316046809495,75.98925400757726,75.29345423510688,74.90610821217093
76.34764168031465,71.44987175241013,76.56805453436316,73.84662662028015
75.87790169790793,79.6711106649579,75.78753083127759,73.18875824314846
76.54841107655037,76.5962489985012,74.20377842537302,74.99256657999771
73.06369763072477,73.8420675802499,74.25995689343198,76.16737406220383
72.71275422036616,76.23529731463046,74.44137229827571,75.90474465131082
80.98919852194568,80.26812909000103,76.41283732823851,74.88816728555662
69.93767889479479,72.44325045659748,74.57183206886597,75.11303583450928
69.66278480858051,72.08700467119006,75.09664696941029,73.71540441644197
73.78874863477803,81.04589381736811,74.77658523999725,75.51657293208756
79.10664290152464,74.81226981411082,74.0075854229966,73.78582990677451
78.49267777047257,73.84204914839154,74.28566516733089,74.98286328498142
72.2165462709188,67.81089989164894,74.4525761468363,76.00669424786328
78.25505269427275,72.54910814793506,74.38330496592913,74.90322855589055
76.81272475189158,73.46843276314291,75.29064967379236,75.26581433055783
72.97746990375171,73.9830924638253,74.53807124794409,73.77758454161413
74.35595135881749,73.3458496866325,74.86077777286194,75.16650093337438
72.94986880921269,80.06955150756953,74.51382899233674,73.60464296021706
76.36837001120209,72.63610346277633,72.87919617132755,77.19279011246898
76.47048094295664,77.20506898486175,74.71684061098085,74.68165399035323
77.28511009869504,73.38899185779401,74.14236887786285,72.20142411549872
73.53985382199501,76.57871088694424,73.84032613733883,72.92480396334824
76.77978893295285,76.9920085923635,75.84923481965895,74.27022796228002
76.82074008268376,78.98079095148788,74.57366576411529,77.84140444578495
74.80930076119719,76.36674690954892,75.07900496567045,74.78346925622286
77.05603876867539,72.75569766270443,75.44223411157006,74.09704606281197
72.1767516075555,82.07432557965052,74.02537277531948,74.49682176904355
78.75793088438087,69.90067797817713,72.90148379150135,77.82402418738215
75.78786409054548,78.16755787025922,74.77092806711633,75.09577350213813
71.49304409795818,82.56862942780873,73.77717997386819,76.00606035316777
71.79332092240126,70.2389816227751,73.86425276085873,74.70313632515384
68.36080351477666,76.63248291477684,75.72766286930668,73.54745291479078
74.0857818200532,73.43444575023243,76.88430388163923,74.78979939763421
73.18067238477391,72.52450851175203,75.25742964350127,77.43852593030414
75.80341175980655,81.8692178254475,76.009373463821,72.3399202354367
73.59542954477828,69.43475449543577,74.71616933285205,74.33387491735719
79.64785879795824,77.84054808511773,74.21721715253577,75.49806699483383
73.74849731108368,73.58768696065928,76.0941439341732,74.68511448118569
76.79983834820364,71.95958320048189,76.03422066804929,74.3613323144696
78.00859689838096,75.7999354101387,76.01339553915126,76.94297061713166
68.28476171188423,75.25054589020718,75.35309790466465,73.74975778216134
73.62779913374158,73.0895553095058,74.85421666809157,75.7613126890243
78.41382768967969,70.63195951385882,73.45942856582569,75.17972268007603
75.47372375533214,71.20536719756133,74.23639273199187,76.48940694832199
74.61477862322904,70.03175146209804,75.40778486589583,74.31249289623183
77.22356676472106,78.80979592260942,74.99189524444498,74.58587951085637
77.80063426319433,72.46726711361404,74.48651745129217,76.49985786007497
73.38095526519022,77.90957562162907,74.19509824332843,75.97369137401608
76.66385139472874,77.34953876742811,73.83700083089751,75.73539250392297
80.88697908351246,69.54719249548124,74.19077828759325,74.06573391966609
79.4500952492026,80.03057365524762,76.38491977837296,73.88202288677142
74.24214946826591,74.46832709240692,74.34920810163858,72.66440203875085
79.59253138302694,79.1257044438409,76.3465945114632,75.53075758458448
70.91615758821244,71.78353185397766,74.55113672329605,75.53525184055263
75.71635480558837,78.22198998294057,76.07580506451346,77.05043034702597
76.90509605180756,75.22521869587439,75.11625040112627,76.03644325807676
73.55588663225477,75.14112006335675,75.53724184621545,75.96156640153578
73.09328456957522,77.63169537126866,75.9454966347625,73.49806349979858
74.21350234360405,74.63506981641733,74.89133502880013,74.4387689772708
74.64228604537264,70.68281055449941,73.22893267911152,75.92525087879021
72.91416099650145,74.37688378380093,75.44305798052488,76.34636789513607
74.4514352987522,78.7019341007455,74.67055589287168,73.82213317339088
75.93581389722547,75.69442448967357,74.1595415972563,74.5557378923514
73.45655009598137,78.41725578006287,75.47208054583797,75.0730675818206
72.9842125207175,73.3461401361154,75.90460072955256,72.55113692738205
75.69635396857035,69.15810759990875,75.7934660052848,73.63731697791563
76.1859874798344,71.90232738652027,74.66000457511674,75.59771214563716
72.49435037307609,73.18657254655363,74.67111597486056,74.7205606886085
73.91406505424655,74.06776168943753,75.3133642152599,75.15635946428584
78.90471330919424,78.99553834642724,74.41797318950667,74.0457142065662
71.52557864585127,73.10078068859362,75.67039823706942,78.31651088084566
68.93696088176952,71.54913136260498,74.52061203114059,75.40957091585803
74.75524682151205,83.14589764822679,74.76237259661106,75.15789627892977
78.97160867416312,80.06593765269469,75.59564519470288,74.19098626338489
77.28818919816167,74.12008993507364,76.01674232301806,73.33200882029102
74.24192362979052,68.39476769279626,76.04757451081943,74.29496117403376
76.61495088544227,74.7130101113084,75.08654247588686,77.08352321158377
73.49874571796212,71.02340117761804,75.83346038429815,74.21170368611224
73.6056517143215,72.65316067471804,75.14022495699257,76.00805089477332
78.83414229601567,71.07099533324566,74.9941646535546,75.07524257673234
77.0811145297913,77.11705291733139,75.6335511389407,73.10308649072411
78.22224677798906,77.32652408740859,74.28239411031858,74.33253939770891
71.81578837433695,72.71847957184255,75.2002141196535,78.04312861370187
71.02031500107834,75.00760581935091,75.10754196056646,73.60104715802386
76.6878808139344,73.98537545611869,72.38142235806822,74.68246182566918
84.52987171357425,71.42136617604305,74.59498313637671,75.97022426265565
75.74743621432711,73.30080072097195,73.87293524027747,74.44858851840722
72.98611704897544,73.32784870498085,74.7399665270434,76.2281552664158
75.58302027366088,73.57116505389831,74.02243741755012,73.15090216094215
76.56526567721586,78.37150117802389,75.38710039116009,73.82232062468535
76.7849751969851,74.24357310278461,72.39587377518026,75.14006525223158
78.37846432965188,81.0352570080023,74.85278416192297,77.0265913742027
73.6051289514368,70.13505052259801,74.65268508196948,72.52462014603833
79.21258066270927,74.37717594493654,76.96558478342864,75.21927826510498
74.41758911168202,69.76984837636493,73.03670991815893,73.68562822881702
72.29579817180819,74.35631725365914,73.75456554213275,76.82890654972127
70.64139549457815,70.24303054044147,74.93499860342655,76.20844224067146
75.62863808848195,75.98268578711229,75.1908221869419,75.16180116884613
72.9238459210777,71.51860416012408,73.69722213409469,77.36476202813212
75.21873486042591,80.00858302659799,75.78598974881743,72.63795689276932
74.02258793277389,79.24017119683761,75.11894213009583,75.69959916626989
69.48638513279855,75.39107925286304,75.37845241201397,76.55447690629282
77.14421789744092,76.89971710419564,75.76172796617831,75.79204969178954
74.57209972962005,74.71434403331003,76.29612106400673,74.3568718798871
74.52201007132237,74.72709796928831,75.76710917622654,73.47140913448115
71.89599371530852,79.28360740130199,74.07405923840625,74.4894377183541
73.2885342330154,78.15368617069848,75.41197330584832,74.68828719357802
76.80218591400661,75.872180889006,74.03961769327758,73.40314096623817
79.6130464784518,79.19349695303217,74.86247301822046,73.65681312283897
73.69214535344514,78.67260017412123,74.24811497954065,74.3755759422272
81.97856166749946,71.54811269190182,74.45972510470801,75.09081386903108
75.64628771486215,77.79732802934483,75.15396799889983,77.23090199635459
77.07819472276431,84.26836680882215,75.56797211984593,74.27423770029489
72.42994050699289,66.53969361737897,76.64035586001313,73.38102345860644
73.47445684170796,74.95218114331894,75.40216405770792,73.99308779403303
72.02610164033848,75.24130655634815,74.7603139818896,75.56666211023148
76.2595557391451,79.62735489079125,74.30907347860156,73.19558035250203
77.50436104983666,75.14915639375685,72.5641057468293,73.99258502099302
69.88857613666076,72.53983183874959,74.1130796455739,74.93613849167922
72.18257758756859,73.17467588172023,75.4754567469049,76.03421950345638
78.11453502047897,71.26327470613532,74.13648568617702,76.82237785689291
78.61924541623442,70.21761384621891,73.2485560023693,75.1608143176976
72.27034117358808,70.06550782424752,73.42032134741383,77.86264378001101
75.94310853705963,74.71927646436107,74.79783909220046,74.02008278474584
75.10911648908183,75.96644286866793,77.29445336187399,75.55823853046704
70.39123813569755,68.01286885313993,75.0778877867567,74.6456025469419
76.49808012370711,74.02081710431915,73.9697320550645,76.31567465244844
73.14158591828676,77.49821798508776,76.52606903205023,73.99753290322667
70.3324101425505,69.45535203553713,74.55120348252022,73.85649198561048
76.97700567591207,79.58155790997284,75.72716576128327,75.18443415673622
78.79291575622015,74.60974754821241,74.75509363453469,72.74862259135676
71.72637022435333,77.24218813471829,76.65975320285492,74.85937971751456
69.95581358870939,79.36082690506329,73.98047562499374,76.40851127032288
76.99835184752699,70.72615564124641,75.18950829538463,72.35526761320662
76.84229927615345,70.01748441958486,74.9417434536889,73.61638628290817
71.88308549125853,76.45631895605692,75.33380359332705,76.40483007837456
75.72820896324416,73.81749773936295,75.65097138699612,75.5406532286435
79.02748313320097,74.43860664918375,73.55687114827064,73.97974451888693
76.92911141387351,74.25444057420452,75.84087770727054,73.94276845711751
71.34703026247695,77.58158856721798,72.55624014799095,75.15890582922844
77.68853942805484,72.22624562629065,74.33801062633448,75.96700673101438
75.37217102965529,74.35243852313948,74.79167852902168,74.00446855476562
73.8871135939141,74.08377398840143,74.83301300548295,76.33269778889895
76.47255373755607,78.71366790007077,74.92621760810596,73.90157316543781
71.63685639114027,81.09720931207573,74.297805456163,76.06489345261294
72.34464033513116,76.1321338715106,75.99348807274067,74.19646044309401
80.05265000882065,72.521869200009,75.63003071885862,75.92014650299018
70.43810954259558,70.69637742176444,75.91811093236845,75.67411056102122
73.96668247626393,72.04489615161295,75.75243888269804,76.31788530792976
72.17816655508166,77.02329718704875,75.89484399616508,76.48435094776362
80.01171449063628,75.32227209398629,74.61157156365516,75.60408805819871
73.41700400408558,68.00977526860159,75.5221403694397,74.73508808965963
71.1046426905869,76.28870069077657,75.25973052435621,77.40905695573434
75.83478828461668,79.48716393091156,75.27722182001598,74.59764473071658
78.24476218570788,71.6413656513395,74.8072813718111,76.3017668999122
71.24560385918883,74.72081857601295,72.2934553195617,73.3647320856962
69.99712749237334,77.45653458908396,73.72996415040745,75.095709934368
77.26801316801252,75.57274832692985,77.89437179805748,77.74911796287161
77.3245395465407,71.60790929453768,75.39363447410605,76.64647826953045
78.06328764827803,72.13629656112181,73.76824524760104,75.16944932558421
77.03291619380545,71.71664578808534,73.64661967188532,73.51719970053351
76.35025960761864,79.5819182293062,75.65455327385078,76.03303134642196
82.1411376001789,76.12742713265614,73.72268127454663,76.5470029730088
76.19181071449064,77.16673225095396,75.0179765093148,76.21949512146722
72.21365424253726,76.4030463554883,74.87832845367542,72.04504993653961
67.35344385960508,71.52044012969944,73.92041737276044,75.57915091808607
78.95270172928397,79.07766485884247,75.75445405282788,74.24913228707148
74.04178083312536,65.21693805227325,74.11038546629584,74.68863936053087
77.92985872202921,79.59603844888154,75.73719967474864,76.00359798425521
75.92374242734371,76.513825453934,75.11052129564153,77.21449501107243
73.8957056120178,82.63530203277138,74.51616740280518,73.5349285438403
71.34992122644728,73.64638316341762,75.43892022370407,76.98675558388264
73.62722711977412,75.565925121697,73.59444686405367,75.24781429219499
74.10193030971392,74.33728922995071,77.56615703718005,74.27060828110567
70.2814187928296,76.23558023069984,76.20196383189597,74.44707677096964
77.33416925684688,74.89408431162323,73.82925134643096,75.82035177218292
72.56727683405533,73.54864945547288,76.25802169259663,76.09826971736504
72.41790369619966,76.22053975005839,76.90001799353863,73.04518145244083
73.23906104552063,75.78939349380146,75.64565085283539,73.46681983226283
73.06590315421573,71.05746553170523,75.7453632992857,74.78771772335544
80.10533179084035,76.65915535806448,74.35205152644257,74.24070679013056
72.33555658984325,72.09204136647267,74.47560159616734,75.08447168754567
71.92683436840252,70.85653726941788,73.08515114821955,73.83052129581374
78.81114681466502,73.50075544395702,75.83309217043745,74.34582068323344
75.07879718122096,80.63416550568323,75.65376643559105,71.84418483923814
73.90556598810434,76.06384169022428,76.24583875217888,75.66605778767763
76.64548957155007,76.30729598484027,75.6930461958672,75.54920429821449
77.46983433181369,75.92400312994747,74.55839366728365,75.37736624279869
73.17869758520848,74.3292743219412,73.89877864322636,76.52970408091967
76.28264568969847,77.26481573489359,74.21622943100229,73.34106462969419
72.17462431402815,77.49301341970505,74.85143066210136,76.60087005184744
76.16002030477699,72.0593332664539,73.53085814964871,74.70417424280478
72.74326651237041,75.39582295193307,73.2842318339212,74.06343930950773
73.20976763023457,75.80972100410811,75.38879646344853,76.55132010313554
73.32188164407815,81.67427039970441,75.62419353951496,74.77118815511086
79.34546003020198,78.94672808618392,75.81192850811115,75.16390271519155
70.39000777197275,74.46686997671199,73.87601950021086,75.15116387932666
77.6961861680853,75.21058809492877,74.67402607941908,76.43101458664019
78.5873920826926,77.40497164785053,75.41203652390297,74.47366293263555
75.4035286448376,83.60235729493546,75.67368195246777,74.68294728806424
74.47631240210698,73.7925214577727,74.44587612048204,73.5924774842407
72.0708571526173,77.5227542222751,75.50029824446099,75.89370001500097
71.40063206789964,71.26729472225486,75.24616686536072,74.98487862406775
74.80246563274325,75.93024690450906,75.0021834802571,74.6178831389393
74.1596224148218,74.78374371094596,75.36957550840408,73.39853052153777
73.05724963007988,76.37905186110638,75.83368411061927,73.14641214092087
75.17022195556027,77.65378987898298,74.48690813357399,74.1274186463707
75.24936321064052,77.0972946407374,74.07085697586862,76.78385860801514
76.14929941473996,69.23889082217742,75.04379054267909,73.74987202860675
69.40990680923692,70.16936781632258,73.68561865591823,73.442861528047
69.21578875355536,81.08399597336286,74.63863844454217,73.237121962171
69.99803023859722,74.3210259134217,75.97577852892765,77.38765529100847
69.74279499427001,76.4605607318394,72.8330088280147,74.12421612695564
75.49382796562838,72.63083476167228,74.94980164673382,75.58835044558653
72.12541830361556,72.776802411549,75.06306627989385,75.82471688818751
73.38119558350141,77.3652162954522,74.65073966670481,74.59335981557047
75.78622160733605,74.9689827140938,73.87008616326494,72.76743995683287
73.41058835386004,70.7838285161626,74.85338400262388,77.69938674444842
76.40789336406651,74.31280458047942,74.01764915305027,73.8612724551679
73.6466984496919,75.29176024408419,77.60527497648852,74.71011934760304
70.98766045191255,77.46936642449333,75.22430113609636,75.3823046366005
71.54760251176077,73.67868402709308,75.29232932801852,74.91721607018926
76.22157646564187,78.99128809989547,74.03618700753329,74.85574019549999
76.12499047519013,73.36011719893972,73.22074504237933,76.3573502070445
78.90025598770362,77.13977840946292,75.75446811533479,75.29731215065972
76.30080869975646,82.91097561305077,76.14095626143192,73.8366780410812
74.10871859558027,77.99493123850506,75.60147760130354,74.61526212003724
74.73881999417615,70.32172147631358,73.87580951095116,74.72288570158625
75.00555536846147,73.32302761183207,75.88982039523388,75.49993137367692
71.62952567072213,75.74442230042362,74.42482837251187,76.84226119685148
72.66412208598305,70.0900045758075,75.55349055217582,74.10762423562153
69.61620156165523,66.94719748287925,75.59764640178301,78.50975891944904
76.31231717253816,75.16162855848661,76.06339665781148,76.0079243120058
74.09051029409487,73.98080113383013,75.02043448551395,74.37397487398252
74.78693296359363,76.76237654214488,75.56602585975311,73.64760074445624
73.50948243748391,77.23244913855852,75.64761993945899,76.60785255549054
77.96929394895241,71.21890136715518,74.0561712333334,76.19308490329868
74.09358228469365,65.30254368203998,75.9441418382361,76.57626400731154
78.15811898801937,80.23372994676251,74.28379668867066,76.27273657432539
74.58264286715145,69.0750891209202,74.53007457250126,74.96484714563319
71.93112113154767,81.20754156737816,74.16755085669156,75.15475074918767
78.68926179444955,79.82126903467136,75.18959494708754,74.81472771164098
78.49536355044698,69.9495057458379,75.53778476656782,74.58262241628245
76.44102469978957,76.34165541423914,76.12846766798042,74.9694885788542
74.69180248637113,79.08527400683215,74.62056910357647,71.75898705059379
75.50043413639231,80.30565066973779,74.61763918245148,74.18879361011625
75.14694601671904,76.79706047468012,75.81336288294965,77.54121915367907
77.83121396786133,75.77703575863869,74.9712816138342,73.57978607705454
76.41624457458123,71.17210078873606,73.19589767536777,73.9227994940695
74.95126696725893,83.27401681599306,74.42414246913783,73.52446877386305
73.18296419131983,73.70563614484092,77.26755797819762,75.1447296801438
75.2552925671893,72.73903386478976,75.26166435356055,73.38282652061686
77.81133224999775,82.73887607962966,75.08103571871197,75.52401468288983
74.14618182872445,69.14300085106636,73.19171797295901,75.32891857369613
78.93609018561243,73.01908973024936,75.18215017761221,72.63576665829203
73.55475624680186,69.20034701423918,74.62656285689418,74.79357934455386
78.26332095764278,77.39496601933043,74.92774050433576,74.20999108160908
72.33813879039221,73.09463049782718,76.20331671507181,72.88228544730363
70.62366922472746,74.25140222468877,74.35837595749646,74.83943040908159
68.60531845703697,79.4601584234034,74.71899127682762,74.9889934337163
76.53918873996986,79.40299353542098,75.24997418763623,76.11419616471238
73.45066790565686,74.51384700857014,75.6675102498528,73.50132156575732
73.54550995980759,74.92622521817296,75.10090617102708,75.24152444667445
71.67215069131728,77.1523175010476,74.60991683782864,74.35829975201658
71.69926380112298,76.99912209034943,74.77503355237629,76.47056904227138
78.35459638005133,71.54926762002333,75.00262832687149,77.69810739423703
78.64774946182656,70.98815992453237,73.38937359915357,74.16969843012632
69.23415892303862,78.9574065268698,76.84066025129748,74.23463511805738
77.99747940466365,72.79314486065874,73.69222811093132,75.5089340414838
76.96639562251133,73.93954537158986,74.24980016898866,75.96952572932648
69.80260511491996,75.31221347506701,74.47909265585353,71.72700524493072
76.4792072133718,72.22213984851219,77.10215175530021,73.0282118737258
73.42981943231723,74.01800469209829,75.8516770583641,75.9536290357082
70.65071127577721,73.76356300587219,73.03567234614226,76.0139697538667
72.04830500504197,75.37418944173874,75.91581469302018,76.08811854714689
76.18041982708164,78.86561589521276,74.80443048987638,73.12681999144627
74.85884580666085,73.78240365893899,75.88034710827048,75.16824537853395
76.43690584167595,74.36547057102307,74.44480339077435,76.9253478882996
73.92196505451447,74.82586524614051,74.70191865508215,76.25343486483158
74.45906651913175,82.07289054599048,75.58182383488774,77.99433177529484
69.88407196908308,79.91180073491087,74.50991740291649,76.18803513597106
78.19549079867727,71.34680172323101,76.77775776029166,75.43969968774381
73.11571506197879,78.21984016301406,75.72961393313169,72.36722348133496
71.38957281617965,65.58105757291841,75.60921998233903,76.43806734908279
74.1901549223646,69.4995822468125,76.27099939039911,72.38275700553453
